img, px, py
0.jpg,90,77
1.jpg,164,100
2.jpg,65,125
3.jpg,192,154
4.jpg,166,51
5.jpg,205,174
6.jpg,75,68
7.jpg,200,125
8.jpg,80,149
9.jpg,142,102
10.jpg,186,103
11.jpg,81,207
12.jpg,149,214
13.jpg,53,152
14.jpg,206,161
15.jpg,179,163
16.jpg,143,62
17.jpg,59,82
18.jpg,96,113
19.jpg,127,153
20.jpg,106,82
21.jpg,194,147
22.jpg,146,80
23.jpg,156,77
24.jpg,40,76
25.jpg,192,137
26.jpg,52,169
27.jpg,48,208
28.jpg,188,201
29.jpg,46,195
30.jpg,66,154
31.jpg,206,121
32.jpg,74,64
33.jpg,160,136
34.jpg,190,103
35.jpg,60,148
36.jpg,48,50
37.jpg,147,103
38.jpg,68,126
39.jpg,159,191
40.jpg,83,132
41.jpg,93,53
42.jpg,150,47
43.jpg,78,40
44.jpg,105,213
45.jpg,156,136
46.jpg,60,123
47.jpg,61,43
48.jpg,198,63
49.jpg,49,88
50.jpg,74,202
51.jpg,50,50
52.jpg,93,97
53.jpg,130,186
54.jpg,88,210
55.jpg,187,86
56.jpg,65,85
57.jpg,143,124
58.jpg,51,87
59.jpg,89,152
60.jpg,159,214
61.jpg,71,47
62.jpg,182,154
63.jpg,107,57
64.jpg,163,127
65.jpg,85,204
66.jpg,93,48
67.jpg,175,153
68.jpg,80,216
69.jpg,143,109
70.jpg,190,186
71.jpg,150,104
72.jpg,199,76
73.jpg,130,106
74.jpg,51,40
75.jpg,107,107
76.jpg,182,147
77.jpg,83,40
78.jpg,115,198
79.jpg,208,88
80.jpg,130,105
81.jpg,142,190
82.jpg,212,189
83.jpg,60,122
84.jpg,209,204
85.jpg,128,60
86.jpg,139,131
87.jpg,178,98
88.jpg,88,209
89.jpg,208,55
90.jpg,84,65
91.jpg,196,133
92.jpg,193,169
93.jpg,72,116
94.jpg,63,40
95.jpg,75,137
96.jpg,85,155
97.jpg,72,188
98.jpg,199,216
99.jpg,146,108
100.jpg,173,181
101.jpg,184,211
102.jpg,120,155
103.jpg,161,140
104.jpg,199,175
105.jpg,45,83
106.jpg,41,212
107.jpg,211,176
108.jpg,173,122
109.jpg,126,78
110.jpg,191,103
111.jpg,94,200
112.jpg,162,114
113.jpg,188,134
114.jpg,199,95
115.jpg,144,88
116.jpg,202,156
117.jpg,96,103
118.jpg,75,102
119.jpg,58,133
120.jpg,195,165
121.jpg,216,99
122.jpg,91,84
123.jpg,191,101
124.jpg,118,134
125.jpg,193,140
126.jpg,52,42
127.jpg,123,166
128.jpg,153,99
129.jpg,77,129
130.jpg,216,135
131.jpg,170,66
132.jpg,138,94
133.jpg,118,169
134.jpg,207,215
135.jpg,168,190
136.jpg,215,119
137.jpg,73,150
138.jpg,194,116
139.jpg,123,74
140.jpg,45,166
141.jpg,129,141
142.jpg,141,149
143.jpg,44,155
144.jpg,201,101
145.jpg,122,215
146.jpg,206,87
147.jpg,64,188
148.jpg,112,101
149.jpg,185,104
150.jpg,159,97
151.jpg,52,73
152.jpg,141,119
153.jpg,160,59
154.jpg,168,190
155.jpg,104,125
156.jpg,114,211
157.jpg,89,202
158.jpg,94,211
159.jpg,64,103
160.jpg,118,164
161.jpg,49,165
162.jpg,209,161
163.jpg,169,196
164.jpg,113,175
165.jpg,50,204
166.jpg,103,158
167.jpg,178,70
168.jpg,90,112
169.jpg,94,88
170.jpg,192,215
171.jpg,208,40
172.jpg,147,63
173.jpg,107,101
174.jpg,81,199
175.jpg,79,199
176.jpg,146,188
177.jpg,207,200
178.jpg,127,79
179.jpg,107,166
180.jpg,135,216
181.jpg,214,168
182.jpg,128,61
183.jpg,178,195
184.jpg,91,143
185.jpg,70,190
186.jpg,170,111
187.jpg,187,59
188.jpg,108,193
189.jpg,179,103
190.jpg,96,179
191.jpg,186,58
192.jpg,166,197
193.jpg,87,166
194.jpg,72,125
195.jpg,41,186
196.jpg,143,128
197.jpg,150,123
198.jpg,114,98
199.jpg,211,54
200.jpg,108,138
201.jpg,193,139
202.jpg,186,166
203.jpg,149,113
204.jpg,168,93
205.jpg,156,114
206.jpg,78,157
207.jpg,138,58
208.jpg,115,167
209.jpg,42,202
210.jpg,170,83
211.jpg,116,109
212.jpg,82,102
213.jpg,99,191
214.jpg,163,192
215.jpg,83,101
216.jpg,75,188
217.jpg,141,164
218.jpg,75,78
219.jpg,196,78
220.jpg,53,162
221.jpg,177,139
222.jpg,214,71
223.jpg,206,214
224.jpg,127,207
225.jpg,138,191
226.jpg,166,207
227.jpg,190,176
228.jpg,115,133
229.jpg,91,44
230.jpg,61,136
231.jpg,85,78
232.jpg,79,92
233.jpg,198,186
234.jpg,70,104
235.jpg,96,167
236.jpg,51,51
237.jpg,90,88
238.jpg,122,166
239.jpg,133,152
240.jpg,178,170
241.jpg,68,43
242.jpg,141,105
243.jpg,91,114
244.jpg,190,168
245.jpg,159,200
246.jpg,186,83
247.jpg,146,88
248.jpg,58,88
249.jpg,67,155
250.jpg,41,192
251.jpg,144,141
252.jpg,86,136
253.jpg,136,87
254.jpg,48,163
255.jpg,96,160
256.jpg,162,203
257.jpg,163,137
258.jpg,44,73
259.jpg,55,173
260.jpg,185,193
261.jpg,186,47
262.jpg,74,215
263.jpg,200,63
264.jpg,174,67
265.jpg,75,140
266.jpg,111,199
267.jpg,113,159
268.jpg,183,199
269.jpg,114,163
270.jpg,55,78
271.jpg,73,63
272.jpg,155,139
273.jpg,89,64
274.jpg,59,171
275.jpg,140,97
276.jpg,57,72
277.jpg,140,40
278.jpg,159,103
279.jpg,171,115
280.jpg,140,188
281.jpg,117,48
282.jpg,191,119
283.jpg,123,193
284.jpg,174,124
285.jpg,208,183
286.jpg,160,70
287.jpg,181,174
288.jpg,64,139
289.jpg,85,131
290.jpg,211,68
291.jpg,132,77
292.jpg,121,140
293.jpg,154,71
294.jpg,202,205
295.jpg,117,101
296.jpg,97,162
297.jpg,141,103
298.jpg,173,137
299.jpg,156,182
300.jpg,215,200
301.jpg,86,116
302.jpg,124,154
303.jpg,195,85
304.jpg,115,132
305.jpg,181,97
306.jpg,114,110
307.jpg,174,175
308.jpg,54,87
309.jpg,93,102
310.jpg,134,57
311.jpg,168,151
312.jpg,196,110
313.jpg,181,113
314.jpg,129,175
315.jpg,158,64
316.jpg,145,61
317.jpg,53,153
318.jpg,67,44
319.jpg,93,204
320.jpg,172,194
321.jpg,214,206
322.jpg,194,211
323.jpg,147,102
324.jpg,126,178
325.jpg,66,163
326.jpg,164,199
327.jpg,150,53
328.jpg,167,212
329.jpg,95,134
330.jpg,89,128
331.jpg,144,100
332.jpg,164,82
333.jpg,197,121
334.jpg,179,212
335.jpg,108,208
336.jpg,168,125
337.jpg,97,73
338.jpg,119,141
339.jpg,64,100
340.jpg,66,169
341.jpg,124,125
342.jpg,49,189
343.jpg,64,88
344.jpg,167,57
345.jpg,61,189
346.jpg,147,99
347.jpg,58,85
348.jpg,192,172
349.jpg,171,190
350.jpg,90,74
351.jpg,125,124
352.jpg,70,109
353.jpg,93,148
354.jpg,104,95
355.jpg,141,88
356.jpg,181,200
357.jpg,165,135
358.jpg,105,77
359.jpg,121,148
360.jpg,166,188
361.jpg,164,202
362.jpg,128,69
363.jpg,142,79
364.jpg,171,61
365.jpg,92,193
366.jpg,185,199
367.jpg,112,101
368.jpg,151,139
369.jpg,147,153
370.jpg,123,88
371.jpg,214,76
372.jpg,179,148
373.jpg,137,146
374.jpg,119,138
375.jpg,104,172
376.jpg,137,65
377.jpg,58,51
378.jpg,76,186
379.jpg,58,92
380.jpg,213,90
381.jpg,52,45
382.jpg,107,138
383.jpg,69,43
384.jpg,188,47
385.jpg,40,162
386.jpg,179,137
387.jpg,156,156
388.jpg,165,129
389.jpg,88,158
390.jpg,155,46
391.jpg,108,118
392.jpg,206,199
393.jpg,174,141
394.jpg,177,122
395.jpg,111,123
396.jpg,188,184
397.jpg,163,92
398.jpg,130,72
399.jpg,173,81
400.jpg,151,122
401.jpg,124,132
402.jpg,150,182
403.jpg,69,151
404.jpg,124,180
405.jpg,194,141
406.jpg,130,53
407.jpg,106,47
408.jpg,60,181
409.jpg,43,216
410.jpg,85,111
411.jpg,119,140
412.jpg,106,183
413.jpg,113,189
414.jpg,100,182
415.jpg,127,126
416.jpg,55,134
417.jpg,120,45
418.jpg,181,87
419.jpg,58,122
420.jpg,181,194
421.jpg,72,41
422.jpg,97,213
423.jpg,70,149
424.jpg,151,64
425.jpg,46,192
426.jpg,196,112
427.jpg,82,174
428.jpg,141,73
429.jpg,157,59
430.jpg,43,40
431.jpg,201,67
432.jpg,114,137
433.jpg,131,93
434.jpg,125,213
435.jpg,128,169
436.jpg,167,118
437.jpg,76,128
438.jpg,91,58
439.jpg,202,154
440.jpg,150,123
441.jpg,133,202
442.jpg,201,208
443.jpg,42,159
444.jpg,103,145
445.jpg,124,100
446.jpg,179,136
447.jpg,92,122
448.jpg,178,151
449.jpg,111,183
450.jpg,130,161
451.jpg,61,163
452.jpg,141,46
453.jpg,154,140
454.jpg,83,179
455.jpg,82,90
456.jpg,173,215
457.jpg,147,40
458.jpg,70,75
459.jpg,67,146
460.jpg,97,66
461.jpg,58,190
462.jpg,80,212
463.jpg,104,104
464.jpg,125,41
465.jpg,193,96
466.jpg,71,202
467.jpg,103,178
468.jpg,171,178
469.jpg,77,186
470.jpg,159,106
471.jpg,142,53
472.jpg,132,177
473.jpg,100,190
474.jpg,140,152
475.jpg,207,97
476.jpg,53,80
477.jpg,87,158
478.jpg,98,58
479.jpg,65,167
480.jpg,212,104
481.jpg,196,143
482.jpg,80,74
483.jpg,145,153
484.jpg,118,164
485.jpg,86,204
486.jpg,147,198
487.jpg,81,210
488.jpg,147,132
489.jpg,119,133
490.jpg,51,40
491.jpg,70,141
492.jpg,114,146
493.jpg,171,140
494.jpg,206,154
495.jpg,199,109
496.jpg,97,106
497.jpg,160,162
498.jpg,94,70
499.jpg,106,190
500.jpg,97,105
501.jpg,155,114
502.jpg,78,142
503.jpg,58,186
504.jpg,134,107
505.jpg,59,207
506.jpg,184,53
507.jpg,134,147
508.jpg,177,87
509.jpg,52,126
510.jpg,59,110
511.jpg,193,102
512.jpg,170,113
513.jpg,118,158
514.jpg,74,206
515.jpg,91,52
516.jpg,136,76
517.jpg,84,46
518.jpg,93,49
519.jpg,83,201
520.jpg,164,93
521.jpg,70,100
522.jpg,111,75
523.jpg,176,117
524.jpg,45,41
525.jpg,158,65
526.jpg,61,63
527.jpg,131,103
528.jpg,173,201
529.jpg,139,129
530.jpg,196,104
531.jpg,110,115
532.jpg,182,176
533.jpg,103,134
534.jpg,170,72
535.jpg,216,142
536.jpg,199,133
537.jpg,62,104
538.jpg,128,147
539.jpg,188,64
540.jpg,71,73
541.jpg,141,42
542.jpg,171,177
543.jpg,157,201
544.jpg,118,148
545.jpg,196,206
546.jpg,172,177
547.jpg,95,155
548.jpg,143,129
549.jpg,111,118
550.jpg,174,127
551.jpg,76,60
552.jpg,151,182
553.jpg,95,137
554.jpg,113,181
555.jpg,92,74
556.jpg,63,91
557.jpg,112,110
558.jpg,127,121
559.jpg,182,210
560.jpg,167,72
561.jpg,181,52
562.jpg,50,109
563.jpg,80,201
564.jpg,202,176
565.jpg,48,137
566.jpg,45,103
567.jpg,109,140
568.jpg,183,201
569.jpg,140,104
570.jpg,106,202
571.jpg,59,170
572.jpg,138,74
573.jpg,77,126
574.jpg,170,40
575.jpg,153,47
576.jpg,52,87
577.jpg,81,164
578.jpg,124,169
579.jpg,165,188
580.jpg,110,70
581.jpg,48,216
582.jpg,135,182
583.jpg,92,175
584.jpg,154,101
585.jpg,112,190
586.jpg,83,68
587.jpg,119,130
588.jpg,45,191
589.jpg,160,175
590.jpg,145,53
591.jpg,172,80
592.jpg,69,169
593.jpg,98,87
594.jpg,82,160
595.jpg,125,64
596.jpg,180,110
597.jpg,69,172
598.jpg,162,208
599.jpg,91,96
600.jpg,44,117
601.jpg,154,55
602.jpg,111,61
603.jpg,100,210
604.jpg,101,175
605.jpg,124,124
606.jpg,131,174
607.jpg,41,88
608.jpg,200,123
609.jpg,71,166
610.jpg,89,138
611.jpg,46,190
612.jpg,98,204
613.jpg,142,71
614.jpg,144,71
615.jpg,75,50
616.jpg,140,121
617.jpg,63,77
618.jpg,51,89
619.jpg,143,121
620.jpg,153,174
621.jpg,171,185
622.jpg,209,77
623.jpg,65,119
624.jpg,51,130
625.jpg,157,151
626.jpg,71,84
627.jpg,140,203
628.jpg,172,73
629.jpg,131,81
630.jpg,187,51
631.jpg,201,66
632.jpg,168,168
633.jpg,190,188
634.jpg,173,164
635.jpg,182,190
636.jpg,141,137
637.jpg,45,145
638.jpg,47,212
639.jpg,96,186
640.jpg,122,73
641.jpg,194,132
642.jpg,191,60
643.jpg,199,157
644.jpg,189,111
645.jpg,215,48
646.jpg,111,58
647.jpg,62,101
648.jpg,160,161
649.jpg,112,114
650.jpg,98,169
651.jpg,181,140
652.jpg,119,131
653.jpg,139,162
654.jpg,139,87
655.jpg,166,168
656.jpg,215,172
657.jpg,62,121
658.jpg,168,179
659.jpg,153,71
660.jpg,77,56
661.jpg,93,105
662.jpg,97,139
663.jpg,43,74
664.jpg,151,61
665.jpg,204,109
666.jpg,88,177
667.jpg,48,214
668.jpg,171,72
669.jpg,123,82
670.jpg,123,206
671.jpg,93,169
672.jpg,193,116
673.jpg,143,157
674.jpg,94,142
675.jpg,74,68
676.jpg,202,206
677.jpg,65,40
678.jpg,135,211
679.jpg,115,135
680.jpg,53,103
681.jpg,44,90
682.jpg,215,150
683.jpg,127,91
684.jpg,60,204
685.jpg,83,117
686.jpg,174,41
687.jpg,80,199
688.jpg,216,146
689.jpg,136,107
690.jpg,65,130
691.jpg,174,66
692.jpg,40,71
693.jpg,192,85
694.jpg,178,81
695.jpg,182,188
696.jpg,183,106
697.jpg,70,210
698.jpg,149,143
699.jpg,181,112
700.jpg,88,41
701.jpg,113,110
702.jpg,187,146
703.jpg,160,74
704.jpg,108,159
705.jpg,178,109
706.jpg,97,89
707.jpg,194,84
708.jpg,73,104
709.jpg,212,184
710.jpg,93,56
711.jpg,134,55
712.jpg,51,173
713.jpg,84,106
714.jpg,98,68
715.jpg,189,144
716.jpg,121,62
717.jpg,71,201
718.jpg,55,204
719.jpg,45,89
720.jpg,92,167
721.jpg,73,154
722.jpg,78,216
723.jpg,109,40
724.jpg,135,60
725.jpg,207,135
726.jpg,62,86
727.jpg,68,179
728.jpg,118,64
729.jpg,56,153
730.jpg,179,189
731.jpg,55,214
732.jpg,110,133
733.jpg,95,125
734.jpg,54,48
735.jpg,128,163
736.jpg,120,90
737.jpg,93,57
738.jpg,136,111
739.jpg,209,152
740.jpg,201,86
741.jpg,51,125
742.jpg,61,111
743.jpg,185,108
744.jpg,40,69
745.jpg,166,137
746.jpg,140,123
747.jpg,55,117
748.jpg,132,125
749.jpg,159,188
750.jpg,47,140
751.jpg,163,86
752.jpg,144,179
753.jpg,122,119
754.jpg,190,140
755.jpg,100,77
756.jpg,216,98
757.jpg,107,108
758.jpg,64,68
759.jpg,184,174
760.jpg,82,193
761.jpg,71,78
762.jpg,147,188
763.jpg,66,131
764.jpg,192,204
765.jpg,65,213
766.jpg,109,189
767.jpg,88,163
768.jpg,210,73
769.jpg,69,171
770.jpg,140,75
771.jpg,55,78
772.jpg,189,209
773.jpg,215,188
774.jpg,95,184
775.jpg,49,203
776.jpg,164,62
777.jpg,164,85
778.jpg,189,184
779.jpg,106,106
780.jpg,175,133
781.jpg,100,182
782.jpg,164,62
783.jpg,187,169
784.jpg,106,211
785.jpg,94,185
786.jpg,50,89
787.jpg,40,176
788.jpg,72,98
789.jpg,116,49
790.jpg,148,57
791.jpg,205,132
792.jpg,108,185
793.jpg,69,140
794.jpg,166,119
795.jpg,128,74
796.jpg,57,70
797.jpg,69,198
798.jpg,207,78
799.jpg,139,92
800.jpg,121,160
801.jpg,155,214
802.jpg,202,93
803.jpg,160,204
804.jpg,90,111
805.jpg,135,166
806.jpg,210,62
807.jpg,201,52
808.jpg,175,190
809.jpg,102,70
810.jpg,144,124
811.jpg,138,51
812.jpg,195,48
813.jpg,95,118
814.jpg,185,46
815.jpg,157,117
816.jpg,119,118
817.jpg,204,101
818.jpg,179,168
819.jpg,136,203
820.jpg,203,98
821.jpg,194,152
822.jpg,156,123
823.jpg,120,143
824.jpg,161,91
825.jpg,91,182
826.jpg,152,150
827.jpg,50,170
828.jpg,42,123
829.jpg,208,70
830.jpg,185,211
831.jpg,147,204
832.jpg,64,107
833.jpg,202,48
834.jpg,102,177
835.jpg,119,98
836.jpg,178,150
837.jpg,74,167
838.jpg,86,148
839.jpg,190,136
840.jpg,65,125
841.jpg,78,48
842.jpg,85,181
843.jpg,60,118
844.jpg,96,96
845.jpg,54,78
846.jpg,89,161
847.jpg,142,67
848.jpg,43,43
849.jpg,93,157
850.jpg,179,177
851.jpg,52,60
852.jpg,40,172
853.jpg,95,80
854.jpg,63,210
855.jpg,79,97
856.jpg,93,109
857.jpg,134,91
858.jpg,209,142
859.jpg,100,105
860.jpg,212,77
861.jpg,177,194
862.jpg,197,200
863.jpg,192,204
864.jpg,148,169
865.jpg,107,78
866.jpg,136,161
867.jpg,157,214
868.jpg,195,74
869.jpg,102,137
870.jpg,64,192
871.jpg,169,123
872.jpg,165,195
873.jpg,49,193
874.jpg,178,181
875.jpg,50,169
876.jpg,169,68
877.jpg,157,132
878.jpg,152,78
879.jpg,174,205
880.jpg,194,177
881.jpg,88,134
882.jpg,148,198
883.jpg,47,127
884.jpg,192,174
885.jpg,95,63
886.jpg,84,62
887.jpg,174,157
888.jpg,198,213
889.jpg,46,153
890.jpg,84,170
891.jpg,78,56
892.jpg,84,53
893.jpg,95,188
894.jpg,128,54
895.jpg,196,177
896.jpg,178,40
897.jpg,135,46
898.jpg,187,48
899.jpg,45,42
900.jpg,107,94
901.jpg,164,188
902.jpg,204,52
903.jpg,169,176
904.jpg,193,177
905.jpg,108,65
906.jpg,126,155
907.jpg,83,155
908.jpg,180,119
909.jpg,51,110
910.jpg,215,82
911.jpg,170,201
912.jpg,121,143
913.jpg,128,163
914.jpg,94,188
915.jpg,172,194
916.jpg,85,201
917.jpg,117,80
918.jpg,193,75
919.jpg,198,167
920.jpg,55,131
921.jpg,101,170
922.jpg,134,214
923.jpg,92,184
924.jpg,85,153
925.jpg,155,148
926.jpg,40,158
927.jpg,193,213
928.jpg,115,152
929.jpg,41,159
930.jpg,84,215
931.jpg,100,62
932.jpg,178,69
933.jpg,135,210
934.jpg,100,150
935.jpg,68,102
936.jpg,91,215
937.jpg,193,184
938.jpg,211,195
939.jpg,166,142
940.jpg,69,125
941.jpg,94,41
942.jpg,144,111
943.jpg,215,95
944.jpg,92,152
945.jpg,78,124
946.jpg,76,206
947.jpg,109,151
948.jpg,209,110
949.jpg,199,124
950.jpg,96,70
951.jpg,146,200
952.jpg,160,132
953.jpg,117,160
954.jpg,97,142
955.jpg,150,187
956.jpg,116,69
957.jpg,156,69
958.jpg,152,49
959.jpg,80,91
960.jpg,119,213
961.jpg,149,192
962.jpg,87,125
963.jpg,75,68
964.jpg,52,168
965.jpg,180,207
966.jpg,120,53
967.jpg,82,98
968.jpg,160,124
969.jpg,151,76
970.jpg,126,132
971.jpg,63,65
972.jpg,153,160
973.jpg,63,154
974.jpg,114,81
975.jpg,75,118
976.jpg,73,160
977.jpg,157,45
978.jpg,168,132
979.jpg,124,50
980.jpg,83,76
981.jpg,50,139
982.jpg,106,110
983.jpg,187,150
984.jpg,181,137
985.jpg,102,112
986.jpg,174,89
987.jpg,42,125
988.jpg,163,90
989.jpg,197,111
990.jpg,106,70
991.jpg,61,50
992.jpg,188,85
993.jpg,206,177
994.jpg,95,42
995.jpg,212,53
996.jpg,132,207
997.jpg,86,86
998.jpg,61,98
999.jpg,210,112
1000.jpg,56,104
1001.jpg,188,163
1002.jpg,61,66
1003.jpg,212,44
1004.jpg,167,84
1005.jpg,98,74
1006.jpg,216,62
1007.jpg,91,183
1008.jpg,169,139
1009.jpg,124,104
1010.jpg,59,205
1011.jpg,143,101
1012.jpg,67,52
1013.jpg,62,133
1014.jpg,197,56
1015.jpg,171,69
1016.jpg,113,82
1017.jpg,70,112
1018.jpg,127,170
1019.jpg,183,100
1020.jpg,73,95
1021.jpg,205,51
1022.jpg,192,132
1023.jpg,78,115
1024.jpg,41,186
1025.jpg,70,148
1026.jpg,105,97
1027.jpg,139,205
1028.jpg,103,57
1029.jpg,104,147
1030.jpg,151,68
1031.jpg,213,120
1032.jpg,105,185
1033.jpg,121,194
1034.jpg,128,210
1035.jpg,197,46
1036.jpg,136,175
1037.jpg,197,157
1038.jpg,139,63
1039.jpg,121,120
1040.jpg,178,74
1041.jpg,151,145
1042.jpg,100,143
1043.jpg,143,199
1044.jpg,164,62
1045.jpg,65,116
1046.jpg,171,143
1047.jpg,121,131
1048.jpg,148,134
1049.jpg,209,141
1050.jpg,96,201
1051.jpg,157,117
1052.jpg,115,94
1053.jpg,178,68
1054.jpg,47,206
1055.jpg,148,153
1056.jpg,44,216
1057.jpg,206,181
1058.jpg,42,76
1059.jpg,164,49
1060.jpg,175,102
1061.jpg,159,211
1062.jpg,123,117
1063.jpg,191,58
1064.jpg,144,75
1065.jpg,50,162
1066.jpg,206,65
1067.jpg,137,101
1068.jpg,181,65
1069.jpg,191,165
1070.jpg,192,152
1071.jpg,70,185
1072.jpg,199,172
1073.jpg,125,102
1074.jpg,108,131
1075.jpg,199,187
1076.jpg,107,182
1077.jpg,174,86
1078.jpg,139,182
1079.jpg,129,77
1080.jpg,116,147
1081.jpg,119,199
1082.jpg,150,112
1083.jpg,142,120
1084.jpg,190,163
1085.jpg,132,84
1086.jpg,157,131
1087.jpg,161,136
1088.jpg,175,142
1089.jpg,98,64
1090.jpg,150,141
1091.jpg,177,55
1092.jpg,127,99
1093.jpg,214,63
1094.jpg,98,54
1095.jpg,47,88
1096.jpg,85,115
1097.jpg,114,194
1098.jpg,169,98
1099.jpg,161,171
1100.jpg,48,151
1101.jpg,132,133
1102.jpg,80,123
1103.jpg,77,214
1104.jpg,122,70
1105.jpg,210,193
1106.jpg,203,152
1107.jpg,64,45
1108.jpg,207,193
1109.jpg,162,183
1110.jpg,129,48
1111.jpg,213,43
1112.jpg,205,167
1113.jpg,51,159
1114.jpg,121,112
1115.jpg,44,161
1116.jpg,199,200
1117.jpg,61,56
1118.jpg,139,45
1119.jpg,161,70
1120.jpg,152,54
1121.jpg,120,53
1122.jpg,134,56
1123.jpg,206,84
1124.jpg,161,113
1125.jpg,175,135
1126.jpg,134,163
1127.jpg,64,149
1128.jpg,84,178
1129.jpg,129,203
1130.jpg,43,209
1131.jpg,161,178
1132.jpg,164,127
1133.jpg,175,89
1134.jpg,135,61
1135.jpg,176,124
1136.jpg,129,216
1137.jpg,52,177
1138.jpg,206,150
1139.jpg,117,125
1140.jpg,135,56
1141.jpg,209,44
1142.jpg,130,78
1143.jpg,114,98
1144.jpg,91,171
1145.jpg,64,68
1146.jpg,213,149
1147.jpg,101,175
1148.jpg,134,129
1149.jpg,116,136
1150.jpg,63,101
1151.jpg,143,146
1152.jpg,158,85
1153.jpg,105,146
1154.jpg,214,49
1155.jpg,172,112
1156.jpg,91,191
1157.jpg,57,184
1158.jpg,121,204
1159.jpg,58,83
1160.jpg,149,146
1161.jpg,194,117
1162.jpg,79,70
1163.jpg,149,42
1164.jpg,179,173
1165.jpg,133,124
1166.jpg,184,87
1167.jpg,123,80
1168.jpg,127,183
1169.jpg,165,136
1170.jpg,174,182
1171.jpg,159,141
1172.jpg,45,198
1173.jpg,44,62
1174.jpg,151,115
1175.jpg,84,70
1176.jpg,63,215
1177.jpg,180,116
1178.jpg,166,206
1179.jpg,78,45
1180.jpg,145,165
1181.jpg,166,54
1182.jpg,92,44
1183.jpg,189,136
1184.jpg,135,172
1185.jpg,201,128
1186.jpg,194,146
1187.jpg,120,197
1188.jpg,180,210
1189.jpg,71,87
1190.jpg,73,193
1191.jpg,174,146
1192.jpg,100,105
1193.jpg,75,163
1194.jpg,188,142
1195.jpg,79,97
1196.jpg,62,68
1197.jpg,57,45
1198.jpg,125,176
1199.jpg,79,69
1200.jpg,128,169
1201.jpg,214,168
1202.jpg,47,95
1203.jpg,199,87
1204.jpg,207,216
1205.jpg,74,55
1206.jpg,46,155
1207.jpg,125,72
1208.jpg,197,176
1209.jpg,83,92
1210.jpg,138,158
1211.jpg,49,71
1212.jpg,91,70
1213.jpg,98,191
1214.jpg,171,68
1215.jpg,91,59
1216.jpg,72,72
1217.jpg,119,93
1218.jpg,146,164
1219.jpg,178,102
1220.jpg,102,135
1221.jpg,96,135
1222.jpg,174,94
1223.jpg,121,66
1224.jpg,138,107
1225.jpg,58,125
1226.jpg,207,144
1227.jpg,198,117
1228.jpg,155,90
1229.jpg,193,91
1230.jpg,66,180
1231.jpg,69,71
1232.jpg,90,161
1233.jpg,92,43
1234.jpg,147,84
1235.jpg,71,196
1236.jpg,120,66
1237.jpg,54,61
1238.jpg,65,193
1239.jpg,120,70
1240.jpg,105,184
1241.jpg,72,190
1242.jpg,47,120
1243.jpg,198,206
1244.jpg,188,81
1245.jpg,205,130
1246.jpg,56,209
1247.jpg,166,66
1248.jpg,60,161
1249.jpg,94,63
1250.jpg,92,148
1251.jpg,144,61
1252.jpg,111,112
1253.jpg,98,182
1254.jpg,207,131
1255.jpg,170,166
1256.jpg,47,101
1257.jpg,41,41
1258.jpg,169,110
1259.jpg,114,165
1260.jpg,145,64
1261.jpg,54,105
1262.jpg,104,165
1263.jpg,164,147
1264.jpg,202,85
1265.jpg,150,69
1266.jpg,151,207
1267.jpg,200,85
1268.jpg,140,132
1269.jpg,88,107
1270.jpg,176,43
1271.jpg,202,210
1272.jpg,128,187
1273.jpg,129,215
1274.jpg,92,154
1275.jpg,85,128
1276.jpg,202,176
1277.jpg,76,106
1278.jpg,142,131
1279.jpg,52,185
1280.jpg,73,130
1281.jpg,106,42
1282.jpg,166,175
1283.jpg,54,84
1284.jpg,95,164
1285.jpg,80,114
1286.jpg,100,212
1287.jpg,43,98
1288.jpg,75,206
1289.jpg,128,145
1290.jpg,62,70
1291.jpg,112,155
1292.jpg,107,119
1293.jpg,146,152
1294.jpg,139,209
1295.jpg,168,56
1296.jpg,79,121
1297.jpg,130,91
1298.jpg,205,183
1299.jpg,160,51
1300.jpg,206,172
1301.jpg,70,58
1302.jpg,109,110
1303.jpg,68,137
1304.jpg,76,214
1305.jpg,52,177
1306.jpg,193,54
1307.jpg,140,204
1308.jpg,137,127
1309.jpg,176,49
1310.jpg,211,65
1311.jpg,81,119
1312.jpg,154,78
1313.jpg,189,117
1314.jpg,142,213
1315.jpg,46,190
1316.jpg,67,90
1317.jpg,52,79
1318.jpg,192,117
1319.jpg,176,181
1320.jpg,146,175
1321.jpg,74,85
1322.jpg,183,155
1323.jpg,141,163
1324.jpg,96,85
1325.jpg,84,54
1326.jpg,183,129
1327.jpg,40,111
1328.jpg,81,127
1329.jpg,129,150
1330.jpg,79,123
1331.jpg,127,56
1332.jpg,105,186
1333.jpg,50,144
1334.jpg,45,211
1335.jpg,163,145
1336.jpg,133,78
1337.jpg,84,198
1338.jpg,102,147
1339.jpg,125,101
1340.jpg,188,145
1341.jpg,210,91
1342.jpg,183,44
1343.jpg,101,91
1344.jpg,156,117
1345.jpg,209,147
1346.jpg,154,75
1347.jpg,76,209
1348.jpg,114,155
1349.jpg,207,123
1350.jpg,155,187
1351.jpg,144,57
1352.jpg,85,177
1353.jpg,41,143
1354.jpg,135,154
1355.jpg,64,177
1356.jpg,200,130
1357.jpg,70,189
1358.jpg,96,183
1359.jpg,174,207
1360.jpg,180,141
1361.jpg,40,81
1362.jpg,187,64
1363.jpg,123,68
1364.jpg,130,151
1365.jpg,187,50
1366.jpg,111,95
1367.jpg,165,96
1368.jpg,100,70
1369.jpg,54,99
1370.jpg,130,146
1371.jpg,112,203
1372.jpg,210,109
1373.jpg,132,148
1374.jpg,104,51
1375.jpg,79,122
1376.jpg,213,124
1377.jpg,61,195
1378.jpg,200,164
1379.jpg,118,163
1380.jpg,46,137
1381.jpg,191,195
1382.jpg,173,77
1383.jpg,116,208
1384.jpg,100,99
1385.jpg,40,50
1386.jpg,63,206
1387.jpg,183,204
1388.jpg,156,95
1389.jpg,84,159
1390.jpg,104,128
1391.jpg,155,109
1392.jpg,154,163
1393.jpg,172,56
1394.jpg,185,86
1395.jpg,194,102
1396.jpg,127,78
1397.jpg,135,183
1398.jpg,167,198
1399.jpg,106,182
1400.jpg,178,117
1401.jpg,113,168
1402.jpg,46,139
1403.jpg,187,102
1404.jpg,62,61
1405.jpg,183,88
1406.jpg,163,54
1407.jpg,58,163
1408.jpg,46,65
1409.jpg,187,141
1410.jpg,44,132
1411.jpg,84,180
1412.jpg,91,186
1413.jpg,90,201
1414.jpg,103,81
1415.jpg,70,193
1416.jpg,72,96
1417.jpg,95,109
1418.jpg,54,109
1419.jpg,71,100
1420.jpg,115,186
1421.jpg,91,50
1422.jpg,65,166
1423.jpg,179,190
1424.jpg,123,56
1425.jpg,186,129
1426.jpg,211,89
1427.jpg,142,156
1428.jpg,127,54
1429.jpg,143,149
1430.jpg,72,143
1431.jpg,216,118
1432.jpg,178,121
1433.jpg,208,189
1434.jpg,201,123
1435.jpg,136,160
1436.jpg,209,85
1437.jpg,141,128
1438.jpg,109,71
1439.jpg,127,166
1440.jpg,190,90
1441.jpg,121,139
1442.jpg,62,44
1443.jpg,77,92
1444.jpg,51,59
1445.jpg,91,212
1446.jpg,87,171
1447.jpg,46,121
1448.jpg,198,138
1449.jpg,202,153
1450.jpg,129,176
1451.jpg,160,152
1452.jpg,173,62
1453.jpg,181,106
1454.jpg,130,166
1455.jpg,161,177
1456.jpg,69,85
1457.jpg,84,189
1458.jpg,50,169
1459.jpg,128,166
1460.jpg,129,211
1461.jpg,194,50
1462.jpg,134,146
1463.jpg,104,88
1464.jpg,176,47
1465.jpg,187,76
1466.jpg,171,212
1467.jpg,210,133
1468.jpg,199,54
1469.jpg,153,180
1470.jpg,123,137
1471.jpg,87,154
1472.jpg,189,62
1473.jpg,150,165
1474.jpg,67,66
1475.jpg,74,208
1476.jpg,122,201
1477.jpg,73,51
1478.jpg,104,179
1479.jpg,92,184
1480.jpg,156,168
1481.jpg,118,171
1482.jpg,65,75
1483.jpg,202,208
1484.jpg,54,109
1485.jpg,41,88
1486.jpg,152,76
1487.jpg,165,102
1488.jpg,184,158
1489.jpg,74,72
1490.jpg,45,75
1491.jpg,108,99
1492.jpg,193,71
1493.jpg,197,177
1494.jpg,57,45
1495.jpg,101,77
1496.jpg,102,115
1497.jpg,162,84
1498.jpg,79,195
1499.jpg,130,120
1500.jpg,89,206
1501.jpg,48,210
1502.jpg,114,147
1503.jpg,147,166
1504.jpg,101,154
1505.jpg,204,40
1506.jpg,104,70
1507.jpg,210,45
1508.jpg,82,68
1509.jpg,114,67
1510.jpg,57,184
1511.jpg,190,150
1512.jpg,65,121
1513.jpg,214,194
1514.jpg,158,122
1515.jpg,67,137
1516.jpg,91,84
1517.jpg,147,136
1518.jpg,106,174
1519.jpg,200,204
1520.jpg,160,157
1521.jpg,158,145
1522.jpg,77,69
1523.jpg,206,110
1524.jpg,159,208
1525.jpg,111,143
1526.jpg,90,157
1527.jpg,56,137
1528.jpg,182,92
1529.jpg,212,150
1530.jpg,164,180
1531.jpg,99,212
1532.jpg,189,197
1533.jpg,88,143
1534.jpg,177,189
1535.jpg,94,149
1536.jpg,162,122
1537.jpg,197,113
1538.jpg,86,193
1539.jpg,186,151
1540.jpg,96,89
1541.jpg,73,216
1542.jpg,183,43
1543.jpg,70,182
1544.jpg,215,69
1545.jpg,205,202
1546.jpg,116,62
1547.jpg,131,41
1548.jpg,52,185
1549.jpg,68,163
1550.jpg,182,40
1551.jpg,127,81
1552.jpg,135,140
1553.jpg,206,211
1554.jpg,94,155
1555.jpg,204,80
1556.jpg,132,110
1557.jpg,171,135
1558.jpg,64,161
1559.jpg,137,63
1560.jpg,207,65
1561.jpg,84,66
1562.jpg,157,206
1563.jpg,117,142
1564.jpg,120,91
1565.jpg,118,76
1566.jpg,40,76
1567.jpg,84,151
1568.jpg,61,179
1569.jpg,202,150
1570.jpg,71,120
1571.jpg,183,77
1572.jpg,134,140
1573.jpg,58,180
1574.jpg,133,70
1575.jpg,175,109
1576.jpg,134,116
1577.jpg,55,146
1578.jpg,191,131
1579.jpg,205,177
1580.jpg,111,130
1581.jpg,43,84
1582.jpg,65,132
1583.jpg,56,182
1584.jpg,168,167
1585.jpg,77,117
1586.jpg,84,43
1587.jpg,110,143
1588.jpg,191,94
1589.jpg,41,158
1590.jpg,94,164
1591.jpg,84,153
1592.jpg,100,206
1593.jpg,154,166
1594.jpg,200,44
1595.jpg,141,212
1596.jpg,79,188
1597.jpg,202,161
1598.jpg,180,174
1599.jpg,119,97
1600.jpg,141,158
1601.jpg,44,81
1602.jpg,158,185
1603.jpg,200,178
1604.jpg,114,197
1605.jpg,189,204
1606.jpg,110,200
1607.jpg,182,203
1608.jpg,72,146
1609.jpg,101,87
1610.jpg,62,171
1611.jpg,85,75
1612.jpg,100,122
1613.jpg,115,80
1614.jpg,126,151
1615.jpg,67,89
1616.jpg,102,169
1617.jpg,173,195
1618.jpg,97,48
1619.jpg,188,144
1620.jpg,125,206
1621.jpg,141,185
1622.jpg,118,154
1623.jpg,132,113
1624.jpg,113,68
1625.jpg,199,209
1626.jpg,168,116
1627.jpg,55,53
1628.jpg,214,182
1629.jpg,85,178
1630.jpg,192,84
1631.jpg,125,98
1632.jpg,203,73
1633.jpg,200,162
1634.jpg,179,200
1635.jpg,175,98
1636.jpg,43,200
1637.jpg,154,111
1638.jpg,164,109
1639.jpg,173,48
1640.jpg,111,135
1641.jpg,155,160
1642.jpg,62,188
1643.jpg,179,66
1644.jpg,133,197
1645.jpg,98,68
1646.jpg,117,98
1647.jpg,70,125
1648.jpg,170,151
1649.jpg,109,147
1650.jpg,212,148
1651.jpg,128,89
1652.jpg,185,93
1653.jpg,121,202
1654.jpg,111,157
1655.jpg,96,161
1656.jpg,94,146
1657.jpg,216,70
1658.jpg,111,174
1659.jpg,139,80
1660.jpg,106,179
1661.jpg,126,157
1662.jpg,210,213
1663.jpg,54,114
1664.jpg,113,54
1665.jpg,190,43
1666.jpg,143,49
1667.jpg,138,48
1668.jpg,100,189
1669.jpg,198,153
1670.jpg,76,131
1671.jpg,104,173
1672.jpg,107,148
1673.jpg,154,194
1674.jpg,82,125
1675.jpg,149,99
1676.jpg,202,121
1677.jpg,89,80
1678.jpg,54,57
1679.jpg,150,99
1680.jpg,152,122
1681.jpg,110,174
1682.jpg,215,52
1683.jpg,186,134
1684.jpg,167,174
1685.jpg,156,109
1686.jpg,96,155
1687.jpg,190,51
1688.jpg,76,213
1689.jpg,76,48
1690.jpg,147,104
1691.jpg,140,172
1692.jpg,138,180
1693.jpg,192,103
1694.jpg,45,168
1695.jpg,175,60
1696.jpg,100,84
1697.jpg,213,70
1698.jpg,80,191
1699.jpg,135,187
1700.jpg,181,86
1701.jpg,128,189
1702.jpg,200,148
1703.jpg,52,70
1704.jpg,202,160
1705.jpg,117,72
1706.jpg,134,61
1707.jpg,124,46
1708.jpg,87,204
1709.jpg,172,87
1710.jpg,155,197
1711.jpg,121,123
1712.jpg,55,72
1713.jpg,129,172
1714.jpg,55,183
1715.jpg,43,153
1716.jpg,213,129
1717.jpg,89,106
1718.jpg,69,93
1719.jpg,88,132
1720.jpg,175,105
1721.jpg,202,147
1722.jpg,54,49
1723.jpg,108,196
1724.jpg,65,98
1725.jpg,94,107
1726.jpg,47,83
1727.jpg,88,181
1728.jpg,50,167
1729.jpg,64,182
1730.jpg,64,99
1731.jpg,191,161
1732.jpg,45,150
1733.jpg,63,142
1734.jpg,73,153
1735.jpg,119,112
1736.jpg,151,135
1737.jpg,191,93
1738.jpg,97,202
1739.jpg,200,74
1740.jpg,186,194
1741.jpg,140,174
1742.jpg,161,203
1743.jpg,110,204
1744.jpg,171,188
1745.jpg,145,60
1746.jpg,170,115
1747.jpg,90,137
1748.jpg,140,71
1749.jpg,140,120
1750.jpg,141,60
1751.jpg,177,179
1752.jpg,211,201
1753.jpg,122,70
1754.jpg,71,55
1755.jpg,69,178
1756.jpg,48,211
1757.jpg,60,43
1758.jpg,178,103
1759.jpg,95,60
1760.jpg,104,109
1761.jpg,130,79
1762.jpg,119,117
1763.jpg,110,181
1764.jpg,78,127
1765.jpg,175,95
1766.jpg,200,141
1767.jpg,109,196
1768.jpg,163,138
1769.jpg,179,178
1770.jpg,175,70
1771.jpg,92,181
1772.jpg,187,148
1773.jpg,57,110
1774.jpg,51,73
1775.jpg,111,191
1776.jpg,85,210
1777.jpg,195,167
1778.jpg,158,151
1779.jpg,78,187
1780.jpg,90,40
1781.jpg,114,136
1782.jpg,203,129
1783.jpg,208,86
1784.jpg,151,47
1785.jpg,181,109
1786.jpg,57,52
1787.jpg,50,120
1788.jpg,180,64
1789.jpg,165,180
1790.jpg,42,85
1791.jpg,74,90
1792.jpg,169,66
1793.jpg,128,129
1794.jpg,148,42
1795.jpg,214,88
1796.jpg,72,148
1797.jpg,79,148
1798.jpg,127,156
1799.jpg,114,214
1800.jpg,137,114
1801.jpg,45,150
1802.jpg,68,193
1803.jpg,185,111
1804.jpg,91,168
1805.jpg,125,119
1806.jpg,60,187
1807.jpg,103,179
1808.jpg,174,69
1809.jpg,66,194
1810.jpg,208,120
1811.jpg,60,188
1812.jpg,65,144
1813.jpg,206,70
1814.jpg,179,117
1815.jpg,67,209
1816.jpg,111,165
1817.jpg,122,49
1818.jpg,167,210
1819.jpg,48,121
1820.jpg,85,162
1821.jpg,48,101
1822.jpg,76,203
1823.jpg,68,168
1824.jpg,54,207
1825.jpg,209,173
1826.jpg,179,171
1827.jpg,42,83
1828.jpg,125,66
1829.jpg,112,92
1830.jpg,211,163
1831.jpg,141,197
1832.jpg,151,116
1833.jpg,140,94
1834.jpg,163,157
1835.jpg,196,211
1836.jpg,84,171
1837.jpg,92,92
1838.jpg,165,43
1839.jpg,215,168
